0;2;a;76;01.01.1970 00:01:16;0.00
1;2;a;77;01.01.1970 00:01:17;0.00
2;2;a;78;01.01.1970 00:01:18;0.00
3;2;a;79;01.01.1970 00:01:19;0.00
4;2;a;80;01.01.1970 00:01:20;0.00
5;2;a;81;01.01.1970 00:01:21;0.00
6;2;a;82;01.01.1970 00:01:22;0.00
7;2;a;83;01.01.1970 00:01:23;0.00
8;2;a;84;01.01.1970 00:01:24;0.00
9;2;a;85;01.01.1970 00:01:25;0.00
10;2;a;86;01.01.1970 00:01:26;0.00
11;2;a;87;01.01.1970 00:01:27;0.00
12;2;a;88;01.01.1970 00:01:28;0.00
13;2;a;89;01.01.1970 00:01:29;0.00
14;2;a;90;01.01.1970 00:01:30;0.00
15;2;a;91;01.01.1970 00:01:31;0.00
16;2;a;92;01.01.1970 00:01:32;0.00
17;2;a;93;01.01.1970 00:01:33;0.00
18;2;a;94;01.01.1970 00:01:34;0.00
19;2;a;95;01.01.1970 00:01:35;0.00
20;2;a;96;01.01.1970 00:01:36;0.00
21;2;a;97;01.01.1970 00:01:37;0.00
22;2;a;98;01.01.1970 00:01:38;0.00
23;2;a;99;01.01.1970 00:01:39;0.00
24;2;a;100;01.01.1970 00:01:40;0.00
25;2;a;101;01.01.1970 00:01:41;0.00
26;2;a;102;01.01.1970 00:01:42;0.00
27;2;a;103;01.01.1970 00:01:43;0.00
28;2;a;104;01.01.1970 00:01:44;0.00
29;2;a;105;01.01.1970 00:01:45;0.00
30;2;a;106;01.01.1970 00:01:46;0.00
31;2;a;107;01.01.1970 00:01:47;0.00
32;2;a;108;01.01.1970 00:01:48;0.00
33;2;a;109;01.01.1970 00:01:49;0.00
34;2;a;110;01.01.1970 00:01:50;0.00
35;2;a;111;01.01.1970 00:01:51;0.00
36;2;a;112;01.01.1970 00:01:52;0.00
37;2;a;113;01.01.1970 00:01:53;0.00
38;2;a;114;01.01.1970 00:01:54;0.00
39;2;a;115;01.01.1970 00:01:55;0.00
40;2;a;116;01.01.1970 00:01:56;0.00
41;2;a;117;01.01.1970 00:01:57;0.00
42;2;a;118;01.01.1970 00:01:58;0.00
43;2;a;119;01.01.1970 00:01:59;0.00
44;2;a;120;01.01.1970 00:02:00;0.00
45;2;a;121;01.01.1970 00:02:01;0.00
46;2;a;122;01.01.1970 00:02:02;0.00
47;2;a;123;01.01.1970 00:02:03;0.00
48;2;a;124;01.01.1970 00:02:04;0.00
49;2;a;126;01.01.1970 00:02:06;0.00
50;2;a;131;01.01.1970 00:02:11;0.00
51;2;a;140;01.01.1970 00:02:20;0.00
52;2;a;142;01.01.1970 00:02:22;0.00
53;2;a;144;01.01.1970 00:02:24;0.00
54;2;a;147;01.01.1970 00:02:27;0.00
55;2;a;149;01.01.1970 00:02:29;0.00
56;2;a;151;01.01.1970 00:02:31;0.00
57;2;a;156;01.01.1970 00:02:36;0.00
58;2;a;161;01.01.1970 00:02:41;0.00
59;2;a;165;01.01.1970 00:02:45;0.00
60;2;a;166;01.01.1970 00:02:46;0.00
61;2;a;170;01.01.1970 00:02:50;0.00
62;2;a;171;01.01.1970 00:02:51;0.00
63;2;a;172;01.01.1970 00:02:52;0.00
64;2;a;173;01.01.1970 00:02:53;0.00
65;2;a;175;01.01.1970 00:02:55;0.00
66;2;a;176;01.01.1970 00:02:56;0.00
67;2;a;177;01.01.1970 00:02:57;0.00
68;2;a;178;01.01.1970 00:02:58;0.00
69;2;a;180;01.01.1970 00:03:00;0.00
70;2;a;181;01.01.1970 00:03:01;0.00
71;2;a;182;01.01.1970 00:03:02;0.00
72;2;a;183;01.01.1970 00:03:03;0.00
73;2;a;184;01.01.1970 00:03:04;0.00
74;2;a;186;01.01.1970 00:03:06;0.00
75;2;a;187;01.01.1970 00:03:07;0.00
76;2;a;188;01.01.1970 00:03:08;0.00
77;2;a;189;01.01.1970 00:03:09;0.00
78;2;a;191;01.01.1970 00:03:11;0.00
79;2;a;192;01.01.1970 00:03:12;0.00
80;2;a;196;01.01.1970 00:03:16;0.00
81;2;a;197;01.01.1970 00:03:17;0.00
82;2;a;202;01.01.1970 00:03:22;0.00
83;2;a;205;01.01.1970 00:03:25;0.00
84;2;a;207;01.01.1970 00:03:27;0.00
85;2;a;210;01.01.1970 00:03:30;0.00
86;2;a;212;01.01.1970 00:03:32;0.00
87;2;a;214;01.01.1970 00:03:34;0.00
88;2;a;217;01.01.1970 00:03:37;0.00
89;2;a;222;01.01.1970 00:03:42;0.00
90;2;a;227;01.01.1970 00:03:47;0.00
91;2;a;232;01.01.1970 00:03:52;0.00
92;2;a;235;01.01.1970 00:03:55;0.00
93;2;a;237;01.01.1970 00:03:57;0.00
94;2;a;240;01.01.1970 00:04:00;0.00
95;2;a;242;01.01.1970 00:04:02;0.00
96;2;a;244;01.01.1970 00:04:04;0.00
97;2;a;249;01.01.1970 00:04:09;0.00
98;2;a;254;01.01.1970 00:04:14;0.00
99;2;a;258;01.01.1970 00:04:18;0.00
100;2;a;259;01.01.1970 00:04:19;0.00
101;2;a;263;01.01.1970 00:04:23;0.00
102;2;a;264;01.01.1970 00:04:24;0.00
103;2;a;265;01.01.1970 00:04:25;0.00
104;2;a;266;01.01.1970 00:04:26;0.00
105;2;a;267;01.01.1970 00:04:27;0.00
106;2;a;269;01.01.1970 00:04:29;0.00
107;2;a;270;01.01.1970 00:04:30;0.00
108;2;a;271;01.01.1970 00:04:31;0.00
109;2;a;272;01.01.1970 00:04:32;0.00
110;2;a;274;01.01.1970 00:04:34;0.00
111;2;a;275;01.01.1970 00:04:35;0.00
112;2;a;276;01.01.1970 00:04:36;0.00
113;2;a;277;01.01.1970 00:04:37;0.00
114;2;a;279;01.01.1970 00:04:39;0.00
115;2;a;280;01.01.1970 00:04:40;0.00
116;2;a;284;01.01.1970 00:04:44;0.00
117;2;a;285;01.01.1970 00:04:45;0.00
118;2;a;288;01.01.1970 00:04:48;0.00
119;2;a;289;01.01.1970 00:04:49;0.00
120;2;a;290;01.01.1970 00:04:50;0.00
121;2;a;294;01.01.1970 00:04:54;0.00
122;2;a;295;01.01.1970 00:04:55;0.00
123;2;a;297;01.01.1970 00:04:57;0.00
124;2;a;299;01.01.1970 00:04:59;0.00
125;2;a;300;01.01.1970 00:05:00;0.00
126;2;a;305;01.01.1970 00:05:05;0.00
127;2;a;310;01.01.1970 00:05:10;0.00
128;2;a;313;01.01.1970 00:05:13;0.00
129;2;a;315;01.01.1970 00:05:15;0.00
130;2;a;320;01.01.1970 00:05:20;0.00
131;2;a;322;01.01.1970 00:05:22;0.00
132;2;a;325;01.01.1970 00:05:25;0.00
133;2;a;327;01.01.1970 00:05:27;0.00
134;2;a;356;01.01.1970 00:05:56;0.00
135;2;a;361;01.01.1970 00:06:01;0.00
136;2;a;363;01.01.1970 00:06:03;0.00
137;2;a;366;01.01.1970 00:06:06;0.00
138;2;a;368;01.01.1970 00:06:08;0.00
139;2;a;370;01.01.1970 00:06:10;0.00
140;2;a;372;01.01.1970 00:06:12;0.00
141;2;a;375;01.01.1970 00:06:15;0.00
142;2;a;377;01.01.1970 00:06:17;0.00
143;2;a;382;01.01.1970 00:06:22;0.00
144;2;a;386;01.01.1970 00:06:26;0.00
145;2;a;387;01.01.1970 00:06:27;0.00
146;2;a;391;01.01.1970 00:06:31;0.00
147;2;a;392;01.01.1970 00:06:32;0.00
148;2;a;393;01.01.1970 00:06:33;0.00
149;2;a;394;01.01.1970 00:06:34;0.00
150;2;a;396;01.01.1970 00:06:36;0.00
151;2;a;397;01.01.1970 00:06:37;0.00
152;2;a;398;01.01.1970 00:06:38;0.00
153;2;a;399;01.01.1970 00:06:39;0.00
154;2;a;401;01.01.1970 00:06:41;0.00
155;2;a;402;01.01.1970 00:06:42;0.00
156;2;a;403;01.01.1970 00:06:43;0.00
157;2;a;404;01.01.1970 00:06:44;0.00
158;2;a;405;01.01.1970 00:06:45;0.00
159;2;a;407;01.01.1970 00:06:47;0.00
160;2;a;408;01.01.1970 00:06:48;0.00
161;2;a;409;01.01.1970 00:06:49;0.00
162;2;a;410;01.01.1970 00:06:50;0.00
163;2;a;412;01.01.1970 00:06:52;0.00
164;2;a;413;01.01.1970 00:06:53;0.00
165;2;a;414;01.01.1970 00:06:54;0.00
166;2;a;415;01.01.1970 00:06:55;0.00
167;2;a;417;01.01.1970 00:06:57;0.00
168;2;a;418;01.01.1970 00:06:58;0.00
169;2;a;423;01.01.1970 00:07:03;0.00
170;2;a;428;01.01.1970 00:07:08;0.00
171;2;a;431;01.01.1970 00:07:11;0.00
172;2;a;433;01.01.1970 00:07:13;0.00
173;2;a;436;01.01.1970 00:07:16;0.00
174;2;a;438;01.01.1970 00:07:18;0.00
175;2;a;440;01.01.1970 00:07:20;0.00
176;2;a;443;01.01.1970 00:07:23;0.00
177;2;a;445;01.01.1970 00:07:25;0.00
178;2;a;448;01.01.1970 00:07:28;0.00
179;2;a;453;01.01.1970 00:07:33;0.00
180;2;a;456;01.01.1970 00:07:36;0.00
181;2;a;458;01.01.1970 00:07:38;0.00
182;2;a;461;01.01.1970 00:07:41;0.00
183;2;a;463;01.01.1970 00:07:43;0.00
184;2;a;465;01.01.1970 00:07:45;0.00
185;2;a;470;01.01.1970 00:07:50;0.00
186;2;a;475;01.01.1970 00:07:55;0.00
187;2;a;479;01.01.1970 00:07:59;0.00
188;2;a;480;01.01.1970 00:08:00;0.00
189;2;a;484;01.01.1970 00:08:04;0.00
190;2;a;485;01.01.1970 00:08:05;0.00
191;2;a;486;01.01.1970 00:08:06;0.00
192;2;a;487;01.01.1970 00:08:07;0.00
193;2;a;488;01.01.1970 00:08:08;0.00
194;2;a;490;01.01.1970 00:08:10;0.00
195;2;a;491;01.01.1970 00:08:11;0.00
196;2;a;492;01.01.1970 00:08:12;0.00
197;2;a;493;01.01.1970 00:08:13;0.00
198;2;a;495;01.01.1970 00:08:15;0.00
199;2;a;496;01.01.1970 00:08:16;0.00
200;2;a;497;01.01.1970 00:08:17;0.00
201;2;a;498;01.01.1970 00:08:18;0.00
202;2;a;500;01.01.1970 00:08:20;0.00
203;2;a;501;01.01.1970 00:08:21;0.00
204;2;a;505;01.01.1970 00:08:25;0.00
205;2;a;506;01.01.1970 00:08:26;0.00
206;2;a;509;01.01.1970 00:08:29;0.00
207;2;a;510;01.01.1970 00:08:30;0.00
208;2;a;511;01.01.1970 00:08:31;0.00
209;2;a;514;01.01.1970 00:08:34;0.00
210;2;a;515;01.01.1970 00:08:35;0.00
211;2;a;516;01.01.1970 00:08:36;0.00
212;2;a;518;01.01.1970 00:08:38;0.00
213;2;a;520;01.01.1970 00:08:40;0.00
214;2;a;521;01.01.1970 00:08:41;0.00
215;2;a;526;01.01.1970 00:08:46;0.00
216;2;a;529;01.01.1970 00:08:49;0.00
217;2;a;531;01.01.1970 00:08:51;0.00
218;2;a;534;01.01.1970 00:08:54;0.00
219;2;a;536;01.01.1970 00:08:56;0.00
220;2;a;538;01.01.1970 00:08:58;0.00
221;2;a;543;01.01.1970 00:09:03;0.00
222;2;a;587;01.01.1970 00:09:47;0.00
223;2;a;592;01.01.1970 00:09:52;0.00
224;2;a;594;01.01.1970 00:09:54;0.00
225;2;a;597;01.01.1970 00:09:57;0.00
226;2;a;599;01.01.1970 00:09:59;0.00
227;2;a;601;01.01.1970 00:10:01;0.00
228;2;a;603;01.01.1970 00:10:03;0.00
229;2;a;606;01.01.1970 00:10:06;0.00
230;2;a;608;01.01.1970 00:10:08;0.00
231;2;a;613;01.01.1970 00:10:13;0.00
232;2;a;617;01.01.1970 00:10:17;0.00
233;2;a;618;01.01.1970 00:10:18;0.00
234;2;a;619;01.01.1970 00:10:19;0.00
235;2;a;620;01.01.1970 00:10:20;0.00
236;2;a;622;01.01.1970 00:10:22;0.00
237;2;a;623;01.01.1970 00:10:23;0.00
238;2;a;624;01.01.1970 00:10:24;0.00
239;2;a;625;01.01.1970 00:10:25;0.00
240;2;a;627;01.01.1970 00:10:27;0.00
241;2;a;628;01.01.1970 00:10:28;0.00
242;2;a;629;01.01.1970 00:10:29;0.00
243;2;a;630;01.01.1970 00:10:30;0.00
244;2;a;632;01.01.1970 00:10:32;0.00
245;2;a;633;01.01.1970 00:10:33;0.00
246;2;a;634;01.01.1970 00:10:34;0.00
247;2;a;635;01.01.1970 00:10:35;0.00
248;2;a;637;01.01.1970 00:10:37;0.00
249;2;a;638;01.01.1970 00:10:38;0.00
250;2;a;639;01.01.1970 00:10:39;0.00
251;2;a;640;01.01.1970 00:10:40;0.00
252;2;a;641;01.01.1970 00:10:41;0.00
253;2;a;643;01.01.1970 00:10:43;0.00
254;2;a;644;01.01.1970 00:10:44;0.00
255;2;a;645;01.01.1970 00:10:45;0.00
256;2;a;646;01.01.1970 00:10:46;0.00
257;2;a;648;01.01.1970 00:10:48;0.00
258;2;a;649;01.01.1970 00:10:49;0.00
259;2;a;653;01.01.1970 00:10:53;0.00
260;2;a;654;01.01.1970 00:10:54;0.00
261;2;a;657;01.01.1970 00:10:57;0.00
262;2;a;659;01.01.1970 00:10:59;0.00
263;2;a;662;01.01.1970 00:11:02;0.00
264;2;a;664;01.01.1970 00:11:04;0.00
265;2;a;666;01.01.1970 00:11:06;0.00
266;2;a;669;01.01.1970 00:11:09;0.00
267;2;a;671;01.01.1970 00:11:11;0.00
268;2;a;674;01.01.1970 00:11:14;0.00
269;2;a;679;01.01.1970 00:11:19;0.00
270;2;a;682;01.01.1970 00:11:22;0.00
271;2;a;684;01.01.1970 00:11:24;0.00
272;2;a;687;01.01.1970 00:11:27;0.00
273;2;a;689;01.01.1970 00:11:29;0.00
274;2;a;691;01.01.1970 00:11:31;0.00
275;2;a;696;01.01.1970 00:11:36;0.00
276;2;a;701;01.01.1970 00:11:41;0.00
277;2;a;705;01.01.1970 00:11:45;0.00
278;2;a;706;01.01.1970 00:11:46;0.00
279;2;a;710;01.01.1970 00:11:50;0.00
280;2;a;711;01.01.1970 00:11:51;0.00
281;2;a;712;01.01.1970 00:11:52;0.00
282;2;a;713;01.01.1970 00:11:53;0.00
283;2;a;714;01.01.1970 00:11:54;0.00
284;2;a;716;01.01.1970 00:11:56;0.00
285;2;a;717;01.01.1970 00:11:57;0.00
286;2;a;718;01.01.1970 00:11:58;0.00
287;2;a;719;01.01.1970 00:11:59;0.00
288;2;a;721;01.01.1970 00:12:01;0.00
289;2;a;722;01.01.1970 00:12:02;0.00
290;2;a;726;01.01.1970 00:12:06;0.00
291;2;a;727;01.01.1970 00:12:07;0.00
292;2;a;730;01.01.1970 00:12:10;0.00
293;2;a;731;01.01.1970 00:12:11;0.00
294;2;a;732;01.01.1970 00:12:12;0.00
295;2;a;735;01.01.1970 00:12:15;0.00
296;2;a;736;01.01.1970 00:12:16;0.00
297;2;a;737;01.01.1970 00:12:17;0.00
298;2;a;739;01.01.1970 00:12:19;0.00
299;2;a;741;01.01.1970 00:12:21;0.00
300;2;a;742;01.01.1970 00:12:22;0.00
301;2;a;744;01.01.1970 00:12:24;0.00
302;2;a;746;01.01.1970 00:12:26;0.00
303;2;a;747;01.01.1970 00:12:27;0.00
304;2;a;750;01.01.1970 00:12:30;0.00
305;2;a;752;01.01.1970 00:12:32;0.00
306;2;a;755;01.01.1970 00:12:35;0.00
307;2;a;757;01.01.1970 00:12:37;0.00
308;2;a;759;01.01.1970 00:12:39;0.00
309;2;a;762;01.01.1970 00:12:42;0.00
310;2;a;764;01.01.1970 00:12:44;0.00
311;2;a;773;01.01.1970 00:12:53;0.00
312;2;a;775;01.01.1970 00:12:55;0.00
313;2;a;777;01.01.1970 00:12:57;0.00
314;2;a;779;01.01.1970 00:12:59;0.00
315;2;a;782;01.01.1970 00:13:02;0.00
316;2;a;784;01.01.1970 00:13:04;0.00
317;2;a;789;01.01.1970 00:13:09;0.00
318;2;a;793;01.01.1970 00:13:13;0.00
319;2;a;794;01.01.1970 00:13:14;0.00
320;2;a;798;01.01.1970 00:13:18;0.00
321;2;a;799;01.01.1970 00:13:19;0.00
322;2;a;800;01.01.1970 00:13:20;0.00
323;2;a;801;01.01.1970 00:13:21;0.00
324;2;a;803;01.01.1970 00:13:23;0.00
325;2;a;804;01.01.1970 00:13:24;0.00
326;2;a;805;01.01.1970 00:13:25;0.00
327;2;a;806;01.01.1970 00:13:26;0.00
328;2;a;807;01.01.1970 00:13:27;0.00
329;2;a;809;01.01.1970 00:13:29;0.00
330;2;a;810;01.01.1970 00:13:30;0.00
331;2;a;811;01.01.1970 00:13:31;0.00
332;2;a;812;01.01.1970 00:13:32;0.00
333;2;a;814;01.01.1970 00:13:34;0.00
334;2;a;815;01.01.1970 00:13:35;0.00
335;2;a;819;01.01.1970 00:13:39;0.00
336;2;a;820;01.01.1970 00:13:40;0.00
337;2;a;823;01.01.1970 00:13:43;0.00
338;2;a;825;01.01.1970 00:13:45;0.00
339;2;a;828;01.01.1970 00:13:48;0.00
340;2;a;830;01.01.1970 00:13:50;0.00
341;2;a;832;01.01.1970 00:13:52;0.00
342;2;a;835;01.01.1970 00:13:55;0.00
343;2;a;837;01.01.1970 00:13:57;0.00
344;2;a;840;01.01.1970 00:14:00;0.00
345;2;a;845;01.01.1970 00:14:05;0.00
346;2;a;848;01.01.1970 00:14:08;0.00
347;2;a;850;01.01.1970 00:14:10;0.00
348;2;a;853;01.01.1970 00:14:13;0.00
349;2;a;855;01.01.1970 00:14:15;0.00
350;2;a;857;01.01.1970 00:14:17;0.00
351;2;a;862;01.01.1970 00:14:22;0.00
352;2;a;867;01.01.1970 00:14:27;0.00
353;2;a;871;01.01.1970 00:14:31;0.00
354;2;a;872;01.01.1970 00:14:32;0.00
355;2;a;876;01.01.1970 00:14:36;0.00
356;2;a;877;01.01.1970 00:14:37;0.00
357;2;a;878;01.01.1970 00:14:38;0.00
358;2;a;879;01.01.1970 00:14:39;0.00
359;2;a;880;01.01.1970 00:14:40;0.00
360;2;a;882;01.01.1970 00:14:42;0.00
361;2;a;883;01.01.1970 00:14:43;0.00
362;2;a;884;01.01.1970 00:14:44;0.00
363;2;a;885;01.01.1970 00:14:45;0.00
364;2;a;887;01.01.1970 00:14:47;0.00
365;2;a;888;01.01.1970 00:14:48;0.00
366;2;a;892;01.01.1970 00:14:52;0.00
367;2;a;893;01.01.1970 00:14:53;0.00
368;2;a;896;01.01.1970 00:14:56;0.00
369;2;a;897;01.01.1970 00:14:57;0.00
370;2;a;898;01.01.1970 00:14:58;0.00
371;2;a;901;01.01.1970 00:15:01;0.00
372;2;a;902;01.01.1970 00:15:02;0.00
373;2;a;903;01.01.1970 00:15:03;0.00
374;2;a;905;01.01.1970 00:15:05;0.00
375;2;a;907;01.01.1970 00:15:07;0.00
376;2;a;908;01.01.1970 00:15:08;0.00
377;2;a;913;01.01.1970 00:15:13;0.00
378;2;a;916;01.01.1970 00:15:16;0.00
379;2;a;918;01.01.1970 00:15:18;0.00
380;2;a;921;01.01.1970 00:15:21;0.00
381;2;a;923;01.01.1970 00:15:23;0.00
382;2;a;925;01.01.1970 00:15:25;0.00
383;2;a;934;01.01.1970 00:15:34;0.00
384;2;a;936;01.01.1970 00:15:36;0.00
385;2;a;939;01.01.1970 00:15:39;0.00
386;2;a;941;01.01.1970 00:15:41;0.00
387;2;a;943;01.01.1970 00:15:43;0.00
388;2;a;945;01.01.1970 00:15:45;0.00
389;2;a;950;01.01.1970 00:15:50;0.00
390;2;a;955;01.01.1970 00:15:55;0.00
391;2;a;959;01.01.1970 00:15:59;0.00
392;2;a;960;01.01.1970 00:16:00;0.00
393;2;a;964;01.01.1970 00:16:04;0.00
394;2;a;965;01.01.1970 00:16:05;0.00
395;2;a;966;01.01.1970 00:16:06;0.00
396;2;a;967;01.01.1970 00:16:07;0.00
397;2;a;969;01.01.1970 00:16:09;0.00
398;2;a;970;01.01.1970 00:16:10;0.00
399;2;a;971;01.01.1970 00:16:11;0.00
400;2;a;972;01.01.1970 00:16:12;0.00
401;2;a;973;01.01.1970 00:16:13;0.00
402;2;a;975;01.01.1970 00:16:15;0.00
403;2;a;976;01.01.1970 00:16:16;0.00
404;2;a;977;01.01.1970 00:16:17;0.00
405;2;a;978;01.01.1970 00:16:18;0.00
406;2;a;980;01.01.1970 00:16:20;0.00
407;2;a;981;01.01.1970 00:16:21;0.00
408;2;a;985;01.01.1970 00:16:25;0.00
409;2;a;986;01.01.1970 00:16:26;0.00
410;2;a;989;01.01.1970 00:16:29;0.00
411;2;a;991;01.01.1970 00:16:31;0.00
412;2;a;994;01.01.1970 00:16:34;0.00
413;2;a;996;01.01.1970 00:16:36;0.00
414;2;a;998;01.01.1970 00:16:38;0.00
415;2;a;1001;01.01.1970 00:16:41;0.00
416;2;a;1003;01.01.1970 00:16:43;0.00
417;2;a;1006;01.01.1970 00:16:46;0.00
418;2;a;1011;01.01.1970 00:16:51;0.00
419;2;a;1014;01.01.1970 00:16:54;0.00
420;2;a;1016;01.01.1970 00:16:56;0.00
421;2;a;1019;01.01.1970 00:16:59;0.00
422;2;a;1021;01.01.1970 00:17:01;0.00
423;2;a;1023;01.01.1970 00:17:03;0.00
424;2;a;1028;01.01.1970 00:17:08;0.00
425;2;a;1033;01.01.1970 00:17:13;0.00
426;2;a;1037;01.01.1970 00:17:17;0.00
427;2;a;1038;01.01.1970 00:17:18;0.00
428;2;a;1042;01.01.1970 00:17:22;0.00
429;2;a;1043;01.01.1970 00:17:23;0.00
430;2;a;1044;01.01.1970 00:17:24;0.00
431;2;a;1045;01.01.1970 00:17:25;0.00
432;2;a;1046;01.01.1970 00:17:26;0.00
433;2;a;1048;01.01.1970 00:17:28;0.00
434;2;a;1049;01.01.1970 00:17:29;0.00
435;2;a;1050;01.01.1970 00:17:30;0.00
436;2;a;1051;01.01.1970 00:17:31;0.00
437;2;a;1053;01.01.1970 00:17:33;0.00
438;2;a;1054;01.01.1970 00:17:34;0.00
439;2;a;1055;01.01.1970 00:17:35;0.00
440;2;a;1056;01.01.1970 00:17:36;0.00
441;2;a;1058;01.01.1970 00:17:38;0.00
442;2;a;1059;01.01.1970 00:17:39;0.00
443;2;a;1063;01.01.1970 00:17:43;0.00
444;2;a;1064;01.01.1970 00:17:44;0.00
445;2;a;1067;01.01.1970 00:17:47;0.00
446;2;a;1068;01.01.1970 00:17:48;0.00
447;2;a;1069;01.01.1970 00:17:49;0.00
448;2;a;1072;01.01.1970 00:17:52;0.00
449;2;a;1073;01.01.1970 00:17:53;0.00
450;2;a;1074;01.01.1970 00:17:54;0.00
451;2;a;1078;01.01.1970 00:17:58;0.00
452;2;a;1079;01.01.1970 00:17:59;0.00
453;2;a;1081;01.01.1970 00:18:01;0.00
454;2;a;1083;01.01.1970 00:18:03;0.00
455;2;a;1084;01.01.1970 00:18:04;0.00
456;2;a;1089;01.01.1970 00:18:09;0.00
457;2;a;1094;01.01.1970 00:18:14;0.00
458;2;a;1097;01.01.1970 00:18:17;0.00
459;2;a;1099;01.01.1970 00:18:19;0.00
460;2;a;1102;01.01.1970 00:18:22;0.00
461;2;a;1104;01.01.1970 00:18:24;0.00
462;2;a;1106;01.01.1970 00:18:26;0.00
463;2;a;1125;01.01.1970 00:18:45;0.00
464;2;a;1127;01.01.1970 00:18:47;0.00
465;2;a;1129;01.01.1970 00:18:49;0.00
466;2;a;1132;01.01.1970 00:18:52;0.00
467;2;a;1134;01.01.1970 00:18:54;0.00
468;2;a;10;01.01.1970 00:00:10;0.00
469;2;a;15;01.01.1970 00:00:15;0.00
470;2;a;20;01.01.1970 00:00:20;0.00
471;2;a;7;01.01.1970 00:00:07;0.00
472;2;a;12;01.01.1970 00:00:12;0.00
473;2;a;17;01.01.1970 00:00:17;0.00
474;2;a;22;01.01.1970 00:00:22;0.00
475;2;a;27;01.01.1970 00:00:27;0.00
476;2;a;32;01.01.1970 00:00:32;0.00
477;2;a;7;01.01.1970 00:00:07;0.00
478;2;a;12;01.01.1970 00:00:12;0.00
479;2;a;17;01.01.1970 00:00:17;0.00
480;2;a;18;01.01.1970 00:00:18;0.00
481;2;a;20;01.01.1970 00:00:20;0.00
482;2;a;22;01.01.1970 00:00:22;0.00
483;2;a;25;01.01.1970 00:00:25;0.00
484;2;a;27;01.01.1970 00:00:27;0.00
485;2;a;32;01.01.1970 00:00:32;0.00
486;2;a;37;01.01.1970 00:00:37;0.00
487;2;a;42;01.01.1970 00:00:42;0.00
488;2;a;43;01.01.1970 00:00:43;0.00
489;2;a;45;01.01.1970 00:00:45;0.00
490;2;a;47;01.01.1970 00:00:47;0.00
491;2;a;1;01.01.1970 00:00:01;0.00
492;2;a;2;01.01.1970 00:00:02;0.00
493;2;a;3;01.01.1970 00:00:03;0.00
494;2;a;4;01.01.1970 00:00:04;0.00
495;2;a;5;01.01.1970 00:00:05;0.00
496;2;a;6;01.01.1970 00:00:06;0.00
497;2;a;2;01.01.1970 00:00:02;0.00
498;2;a;3;01.01.1970 00:00:03;0.00
499;2;a;4;01.01.1970 00:00:04;0.00
500;2;a;5;01.01.1970 00:00:05;0.00
501;2;a;6;01.01.1970 00:00:06;0.00
502;2;a;7;01.01.1970 00:00:07;0.00
503;2;a;12;01.01.1970 00:00:12;0.00
504;2;a;13;01.01.1970 00:00:13;0.00
505;2;a;15;01.01.1970 00:00:15;0.00
506;2;a;16;01.01.1970 00:00:16;0.00
507;2;a;17;01.01.1970 00:00:17;0.00
508;2;a;18;01.01.1970 00:00:18;0.00
509;2;a;20;01.01.1970 00:00:20;0.00
510;2;a;2;01.01.1970 00:00:02;0.00
511;2;a;3;01.01.1970 00:00:03;0.00
512;2;a;4;01.01.1970 00:00:04;0.00
513;2;a;5;01.01.1970 00:00:05;0.00
514;2;a;6;01.01.1970 00:00:06;0.00
515;2;a;7;01.01.1970 00:00:07;0.00
516;2;a;12;01.01.1970 00:00:12;0.00
517;2;a;13;01.01.1970 00:00:13;0.00
518;2;a;15;01.01.1970 00:00:15;0.00
519;2;a;17;01.01.1970 00:00:17;0.00
520;2;a;18;01.01.1970 00:00:18;0.00
521;2;a;1681202836;11.04.2023 08:47:16;0.00
522;2;a;1681202837;11.04.2023 08:47:17;0.00
523;2;a;1681202838;11.04.2023 08:47:18;0.00
524;2;a;1681202839;11.04.2023 08:47:19;0.00
525;2;a;1681202840;11.04.2023 08:47:20;0.00
526;2;a;1681202841;11.04.2023 08:47:21;0.00
527;2;a;1681202842;11.04.2023 08:47:22;0.00
528;2;a;1681202843;11.04.2023 08:47:23;0.00
529;2;a;1681202844;11.04.2023 08:47:24;0.00
530;2;a;1681202845;11.04.2023 08:47:25;0.00
531;2;a;1681202846;11.04.2023 08:47:26;0.00
532;2;a;1681202847;11.04.2023 08:47:27;0.00
533;2;a;1681202848;11.04.2023 08:47:28;0.00
534;2;a;1681202849;11.04.2023 08:47:29;0.00
535;2;a;1681202850;11.04.2023 08:47:30;0.00
536;2;a;1681202851;11.04.2023 08:47:31;0.00
537;2;a;1681202852;11.04.2023 08:47:32;0.00
538;2;a;1681202853;11.04.2023 08:47:33;0.00
539;2;a;1681202854;11.04.2023 08:47:34;0.00
540;2;a;1681202855;11.04.2023 08:47:35;0.00
541;2;a;1681202856;11.04.2023 08:47:36;0.00
542;2;a;1681202857;11.04.2023 08:47:37;0.00
543;2;a;1681202858;11.04.2023 08:47:38;0.00
544;2;a;1681202859;11.04.2023 08:47:39;0.00
545;2;a;1681202860;11.04.2023 08:47:40;0.00
546;2;a;1681202861;11.04.2023 08:47:41;0.00
547;2;a;1681202862;11.04.2023 08:47:42;0.00
548;2;a;1681202863;11.04.2023 08:47:43;0.00
549;2;a;1681202864;11.04.2023 08:47:44;0.00
550;2;a;1681202865;11.04.2023 08:47:45;0.00
551;2;a;1681202866;11.04.2023 08:47:46;0.00
552;2;a;1681202867;11.04.2023 08:47:47;0.00
553;2;a;1681202868;11.04.2023 08:47:48;0.00
554;2;a;1681202869;11.04.2023 08:47:49;0.00
555;2;a;1681202870;11.04.2023 08:47:50;0.00
556;2;a;1681202871;11.04.2023 08:47:51;0.00
557;2;a;1681202872;11.04.2023 08:47:52;0.00
558;2;a;1681202873;11.04.2023 08:47:53;0.00
559;2;a;1681202874;11.04.2023 08:47:54;0.00
560;2;a;1681202875;11.04.2023 08:47:55;0.00
561;2;a;1681202876;11.04.2023 08:47:56;0.00
562;2;a;1681202877;11.04.2023 08:47:57;0.00
563;2;a;1681202878;11.04.2023 08:47:58;0.00
564;2;a;1681202879;11.04.2023 08:47:59;0.00
565;2;a;1681202880;11.04.2023 08:48:00;0.00
566;2;a;1681202881;11.04.2023 08:48:01;0.00
567;2;a;1681202882;11.04.2023 08:48:02;0.00
568;2;a;1681202883;11.04.2023 08:48:03;0.00
569;2;a;1681202884;11.04.2023 08:48:04;0.00
570;2;a;1681202885;11.04.2023 08:48:05;0.00
571;2;a;1681202886;11.04.2023 08:48:06;0.00
572;2;a;1681202887;11.04.2023 08:48:07;0.00
573;2;a;1681202888;11.04.2023 08:48:08;0.00
574;2;a;1681202889;11.04.2023 08:48:09;0.00
575;2;a;1681202890;11.04.2023 08:48:10;0.00
576;2;a;1681202891;11.04.2023 08:48:11;0.00
577;2;a;1681202892;11.04.2023 08:48:12;0.00
578;2;a;1681202893;11.04.2023 08:48:13;0.00
579;2;a;1681202894;11.04.2023 08:48:14;0.00
580;2;a;1681202895;11.04.2023 08:48:15;0.00
581;2;a;1681202896;11.04.2023 08:48:16;0.00
582;2;a;1681202897;11.04.2023 08:48:17;0.00
583;2;a;1681202898;11.04.2023 08:48:18;0.00
584;2;a;1681202899;11.04.2023 08:48:19;0.00
585;2;a;1681202900;11.04.2023 08:48:20;0.00
586;2;a;1681202901;11.04.2023 08:48:21;0.00
587;2;a;1681202902;11.04.2023 08:48:22;0.00
588;2;a;1681202903;11.04.2023 08:48:23;0.00
589;2;a;1681202904;11.04.2023 08:48:24;0.00
590;2;a;1681202905;11.04.2023 08:48:25;0.00
591;2;a;1681202906;11.04.2023 08:48:26;0.00
592;2;a;1681202907;11.04.2023 08:48:27;0.00
593;2;a;1681202908;11.04.2023 08:48:28;0.00
594;2;a;1681202909;11.04.2023 08:48:29;0.00
595;2;a;1681202910;11.04.2023 08:48:30;0.00
596;2;a;1681202911;11.04.2023 08:48:31;0.00
597;2;a;1681202912;11.04.2023 08:48:32;0.00
598;2;a;1681202913;11.04.2023 08:48:33;0.00
599;2;a;1681202914;11.04.2023 08:48:34;0.00
600;2;a;1681202915;11.04.2023 08:48:35;0.00
601;2;a;1681202916;11.04.2023 08:48:36;0.00
602;2;a;1681202917;11.04.2023 08:48:37;0.00
603;2;a;1681202918;11.04.2023 08:48:38;0.00
604;2;a;1681202919;11.04.2023 08:48:39;0.00
605;2;a;1681202920;11.04.2023 08:48:40;0.00
606;2;a;1681202921;11.04.2023 08:48:41;0.00
607;2;a;1681202922;11.04.2023 08:48:42;0.00
608;2;a;1681202923;11.04.2023 08:48:43;0.00
609;2;a;1681202924;11.04.2023 08:48:44;0.00
610;2;a;1681202925;11.04.2023 08:48:45;0.00
611;2;a;1681202926;11.04.2023 08:48:46;0.00
612;2;a;1681202927;11.04.2023 08:48:47;0.00
613;2;a;1681202928;11.04.2023 08:48:48;0.00
614;2;a;1681202929;11.04.2023 08:48:49;0.00
615;2;a;1681202930;11.04.2023 08:48:50;0.00
616;2;a;1681202931;11.04.2023 08:48:51;0.00
617;2;a;1681202932;11.04.2023 08:48:52;0.00
618;2;a;1681202933;11.04.2023 08:48:53;0.00
619;2;a;1681202934;11.04.2023 08:48:54;0.00
620;2;a;1681202935;11.04.2023 08:48:55;0.00
621;2;a;1681202936;11.04.2023 08:48:56;0.00
622;2;a;1681202937;11.04.2023 08:48:57;0.00
623;2;a;1681202938;11.04.2023 08:48:58;0.00
624;2;a;1681202939;11.04.2023 08:48:59;0.00
625;2;a;1681202940;11.04.2023 08:49:00;0.00
626;2;a;1681202941;11.04.2023 08:49:01;0.00
627;2;a;1681202942;11.04.2023 08:49:02;0.00
628;2;a;1681202943;11.04.2023 08:49:03;0.00
629;2;a;1681202944;11.04.2023 08:49:04;0.00
630;2;a;1681202945;11.04.2023 08:49:05;0.00
631;2;a;1681202946;11.04.2023 08:49:06;0.00
632;2;a;1681202947;11.04.2023 08:49:07;0.00
633;2;a;1681202948;11.04.2023 08:49:08;0.00
634;2;a;1681202949;11.04.2023 08:49:09;0.00
635;2;a;1681202950;11.04.2023 08:49:10;0.00
636;2;a;1681202951;11.04.2023 08:49:11;0.00
637;2;a;1681202952;11.04.2023 08:49:12;0.00
638;2;a;1681202953;11.04.2023 08:49:13;0.00
639;2;a;1681202954;11.04.2023 08:49:14;0.00
640;2;a;1681202955;11.04.2023 08:49:15;0.00
641;2;a;1681202956;11.04.2023 08:49:16;0.00
642;2;a;1681202957;11.04.2023 08:49:17;0.00
643;2;a;1681202958;11.04.2023 08:49:18;0.00
644;2;a;1681202959;11.04.2023 08:49:19;0.00
645;2;a;1681202960;11.04.2023 08:49:20;0.00
646;2;a;1681202961;11.04.2023 08:49:21;0.00
647;2;a;1681202962;11.04.2023 08:49:22;0.00
648;2;a;1681202963;11.04.2023 08:49:23;0.00
649;2;a;1681202964;11.04.2023 08:49:24;0.00
650;2;a;1681202965;11.04.2023 08:49:25;0.00
651;2;a;1681202966;11.04.2023 08:49:26;0.00
652;2;a;1681202967;11.04.2023 08:49:27;0.00
653;2;a;1681202968;11.04.2023 08:49:28;0.00
654;2;a;1681202969;11.04.2023 08:49:29;0.00
655;2;a;1681202970;11.04.2023 08:49:30;0.00
656;2;a;1681202971;11.04.2023 08:49:31;0.00
657;2;a;1681202972;11.04.2023 08:49:32;0.00
658;2;a;1681202973;11.04.2023 08:49:33;0.00
659;2;a;1681202974;11.04.2023 08:49:34;0.00
660;2;a;1681202975;11.04.2023 08:49:35;0.00
661;2;a;1681202976;11.04.2023 08:49:36;0.00
662;2;a;1681202977;11.04.2023 08:49:37;0.00
663;2;a;1681202978;11.04.2023 08:49:38;0.00
664;2;a;1681202979;11.04.2023 08:49:39;0.00
665;2;a;1681202980;11.04.2023 08:49:40;0.00
666;2;a;1681202981;11.04.2023 08:49:41;0.00
667;2;a;1681202982;11.04.2023 08:49:42;0.00
668;2;a;1681202983;11.04.2023 08:49:43;0.00
669;2;a;1681202984;11.04.2023 08:49:44;0.00
670;2;a;1681202985;11.04.2023 08:49:45;0.00
671;2;a;1681202986;11.04.2023 08:49:46;0.00
672;2;a;1681202987;11.04.2023 08:49:47;0.00
673;2;a;1681202988;11.04.2023 08:49:48;0.00
674;2;a;1681202989;11.04.2023 08:49:49;0.00
675;2;a;1681202990;11.04.2023 08:49:50;0.00
676;2;a;1681202991;11.04.2023 08:49:51;0.00
677;2;a;1681202992;11.04.2023 08:49:52;0.00
678;2;a;1681202993;11.04.2023 08:49:53;0.00
679;2;a;1681202994;11.04.2023 08:49:54;0.00
680;2;a;1681202995;11.04.2023 08:49:55;0.00
681;2;a;1681202996;11.04.2023 08:49:56;0.00
682;2;a;1681202997;11.04.2023 08:49:57;0.00
683;2;a;1681202998;11.04.2023 08:49:58;0.00
684;2;a;1681202999;11.04.2023 08:49:59;0.00
685;2;a;1681203000;11.04.2023 08:50:00;0.00
686;2;a;1681203001;11.04.2023 08:50:01;0.00
687;2;a;1681203002;11.04.2023 08:50:02;0.00
688;2;a;1681203003;11.04.2023 08:50:03;0.00
689;2;a;1681203004;11.04.2023 08:50:04;0.00
690;2;a;1681203005;11.04.2023 08:50:05;0.00
691;2;a;1681203006;11.04.2023 08:50:06;0.00
692;2;a;1681203007;11.04.2023 08:50:07;0.00
693;2;a;1681203008;11.04.2023 08:50:08;0.00
694;2;a;1681203009;11.04.2023 08:50:09;0.00
695;2;a;1681203010;11.04.2023 08:50:10;0.00
696;2;a;1681203011;11.04.2023 08:50:11;0.00
697;2;a;1681203012;11.04.2023 08:50:12;0.00
698;2;a;1681203013;11.04.2023 08:50:13;0.00
699;2;a;1681203014;11.04.2023 08:50:14;0.00
700;2;a;1681203015;11.04.2023 08:50:15;0.00
701;2;a;1681203016;11.04.2023 08:50:16;0.00
702;2;a;1681203017;11.04.2023 08:50:17;0.00
703;2;a;1681203018;11.04.2023 08:50:18;0.00
704;2;a;1681203019;11.04.2023 08:50:19;0.00
705;2;a;1681203020;11.04.2023 08:50:20;0.00
706;2;a;1681203021;11.04.2023 08:50:21;0.00
707;2;a;1681203022;11.04.2023 08:50:22;0.00
708;2;a;1681203023;11.04.2023 08:50:23;0.00
709;2;a;1681203024;11.04.2023 08:50:24;0.00
710;2;a;1681203025;11.04.2023 08:50:25;0.00
711;2;a;1681203026;11.04.2023 08:50:26;0.00
712;2;a;1681203027;11.04.2023 08:50:27;0.00
713;2;a;1681203028;11.04.2023 08:50:28;0.00
714;2;a;1681203029;11.04.2023 08:50:29;0.00
715;2;a;1681203030;11.04.2023 08:50:30;0.00
716;2;a;1681203031;11.04.2023 08:50:31;0.00
717;2;a;1681203032;11.04.2023 08:50:32;0.00
718;2;a;1681203033;11.04.2023 08:50:33;0.00
719;2;a;1681203034;11.04.2023 08:50:34;0.00
720;2;a;1681203035;11.04.2023 08:50:35;0.00
721;2;a;1681203036;11.04.2023 08:50:36;0.00
722;2;a;1681203037;11.04.2023 08:50:37;0.00
723;2;a;1681203038;11.04.2023 08:50:38;0.00
724;2;a;1681203039;11.04.2023 08:50:39;0.00
725;2;a;1681203040;11.04.2023 08:50:40;0.00
726;2;a;1681203041;11.04.2023 08:50:41;0.00
727;2;a;1681203042;11.04.2023 08:50:42;0.00
728;2;a;1681203043;11.04.2023 08:50:43;0.00
729;2;a;1681203044;11.04.2023 08:50:44;0.00
730;2;a;1681203045;11.04.2023 08:50:45;0.00
731;2;a;1681203046;11.04.2023 08:50:46;0.00
732;2;a;1681203047;11.04.2023 08:50:47;0.00
733;2;a;1681203048;11.04.2023 08:50:48;0.00
734;2;a;1681203049;11.04.2023 08:50:49;0.00
735;2;a;1681203050;11.04.2023 08:50:50;0.00
736;2;a;1681203051;11.04.2023 08:50:51;0.00
737;2;a;1681203052;11.04.2023 08:50:52;0.00
738;2;a;1681203053;11.04.2023 08:50:53;0.00
739;2;a;1681203054;11.04.2023 08:50:54;0.00
740;2;a;1681203055;11.04.2023 08:50:55;0.00
741;2;a;1681203056;11.04.2023 08:50:56;0.00
742;2;a;1681203057;11.04.2023 08:50:57;0.00
743;2;a;1681203058;11.04.2023 08:50:58;0.00
744;2;a;1681203059;11.04.2023 08:50:59;0.00
745;2;a;1681203060;11.04.2023 08:51:00;0.00
746;2;a;1681203061;11.04.2023 08:51:01;0.00
747;2;a;1681203062;11.04.2023 08:51:02;0.00
748;2;a;1681203063;11.04.2023 08:51:03;0.00
749;2;a;1681203064;11.04.2023 08:51:04;0.00
750;2;a;1681203065;11.04.2023 08:51:05;0.00
751;2;a;1681203066;11.04.2023 08:51:06;0.00
752;2;a;1681203067;11.04.2023 08:51:07;0.00
753;2;a;1681203068;11.04.2023 08:51:08;0.00
754;2;a;1681203069;11.04.2023 08:51:09;0.00
755;2;a;1681203070;11.04.2023 08:51:10;0.00
756;2;a;1681203071;11.04.2023 08:51:11;0.00
757;2;a;1681203072;11.04.2023 08:51:12;0.00
758;2;a;1681203073;11.04.2023 08:51:13;0.00
759;2;a;1681203074;11.04.2023 08:51:14;0.00
760;2;a;1681203075;11.04.2023 08:51:15;0.00
761;2;a;1681203076;11.04.2023 08:51:16;0.00
762;2;a;1681203077;11.04.2023 08:51:17;0.00
763;2;a;1681203078;11.04.2023 08:51:18;0.00
764;2;a;1681203079;11.04.2023 08:51:19;0.00
765;2;a;1681203080;11.04.2023 08:51:20;0.00
766;2;a;1681203081;11.04.2023 08:51:21;0.00
767;2;a;1681203082;11.04.2023 08:51:22;0.00
768;2;a;1681203083;11.04.2023 08:51:23;0.00
769;2;a;1681203084;11.04.2023 08:51:24;0.00
770;2;a;1681203085;11.04.2023 08:51:25;0.00
771;2;a;1681203086;11.04.2023 08:51:26;0.00
772;2;a;1681203087;11.04.2023 08:51:27;0.00
773;2;a;1681203088;11.04.2023 08:51:28;0.00
774;2;a;1681203089;11.04.2023 08:51:29;0.00
775;2;a;1681203090;11.04.2023 08:51:30;0.00
776;2;a;1681203091;11.04.2023 08:51:31;0.00
777;2;a;1681203092;11.04.2023 08:51:32;0.00
778;2;a;1681203093;11.04.2023 08:51:33;0.00
779;2;a;1681203094;11.04.2023 08:51:34;0.00
780;2;a;1681203095;11.04.2023 08:51:35;0.00
781;2;a;1681203096;11.04.2023 08:51:36;0.00
782;2;a;1681203097;11.04.2023 08:51:37;0.00
783;2;a;1681203098;11.04.2023 08:51:38;0.00
784;2;a;1681203099;11.04.2023 08:51:39;0.00
785;2;a;1681203100;11.04.2023 08:51:40;0.00
786;2;a;1681203101;11.04.2023 08:51:41;0.00
787;2;a;1681203102;11.04.2023 08:51:42;0.00
788;2;a;1681203103;11.04.2023 08:51:43;0.00
789;2;a;1681203104;11.04.2023 08:51:44;0.00
790;2;a;1681203105;11.04.2023 08:51:45;0.00
791;2;a;1681203106;11.04.2023 08:51:46;0.00
792;2;a;1681203107;11.04.2023 08:51:47;0.00
793;2;a;1681203108;11.04.2023 08:51:48;0.00
794;2;a;1681203109;11.04.2023 08:51:49;0.00
795;2;a;1681203110;11.04.2023 08:51:50;0.00
796;2;a;1681203111;11.04.2023 08:51:51;0.00
797;2;a;1681203112;11.04.2023 08:51:52;0.00
798;2;a;1681203113;11.04.2023 08:51:53;0.00
799;2;a;1681203114;11.04.2023 08:51:54;0.00
800;2;a;1681203115;11.04.2023 08:51:55;0.00
801;2;a;1681203116;11.04.2023 08:51:56;0.00
802;2;a;1681203117;11.04.2023 08:51:57;0.00
803;2;a;1681203118;11.04.2023 08:51:58;0.00
804;2;a;1681203119;11.04.2023 08:51:59;0.00
805;2;a;1681203120;11.04.2023 08:52:00;0.00
806;2;a;1681203121;11.04.2023 08:52:01;0.00
807;2;a;1681203122;11.04.2023 08:52:02;0.00
808;2;a;1681203123;11.04.2023 08:52:03;0.00
809;2;a;1681203124;11.04.2023 08:52:04;0.00
810;2;a;1681203125;11.04.2023 08:52:05;0.00
811;2;a;1681203126;11.04.2023 08:52:06;0.00
812;2;a;1681203127;11.04.2023 08:52:07;0.00
813;2;a;1681203128;11.04.2023 08:52:08;0.00
814;2;a;1681203129;11.04.2023 08:52:09;0.00
815;2;a;1681203130;11.04.2023 08:52:10;0.00
816;2;a;1681203131;11.04.2023 08:52:11;0.00
817;2;a;1681203132;11.04.2023 08:52:12;0.00
818;2;a;1683613515;09.05.2023 06:25:15;0.00
819;2;a;1683613516;09.05.2023 06:25:16;0.00
820;2;a;1683613517;09.05.2023 06:25:17;0.00
821;2;a;1683613518;09.05.2023 06:25:18;0.00
822;2;a;1683613519;09.05.2023 06:25:19;0.00
823;2;a;1683613520;09.05.2023 06:25:20;0.00
824;2;a;1683613521;09.05.2023 06:25:21;0.00
825;2;a;1683613522;09.05.2023 06:25:22;0.00
